title,index_type,link,score,query
Non-System_Filemods_to_system32,events,http://127.0.0.1,40,filemod:c:\windows\system32* -path:c:\windows\*
Autoruns,events,http://127.0.0.1,20,((regmod:registry\machine\software\microsoft\windows\ nt\currentversion\winlogon\userinit OR regmod:registry\machine\software\microsoft\windows\ nt\currentversion\winlogon\shell OR regmod:software\microsoft\windows\currentversion\explorer\browser\ helper\ objects\* OR regmod:software\microsoft\windows\currentversion\run\*) AND -path:"c:\program files (x86)\google\chrome\application\chrome.exe")
Execution_MS_signed_from_non-default_dirs,events,http://127.0.0.1,40,digsig_publisher:"Microsoft Corporation"  -path:windows*  -path:program\ files
Network Connections to Non-loopback - Unsigned binaries,events,http://127.0.0.1,70,netconn_count:[1 TO *] AND -digsig_result:signed AND -ipaddr:127.0.0.1

